<?xml version="1.0" encoding="UTF-8"?>
<project xmlns="http://www.netbeans.org/ns/project/1">
    <type>org.netbeans.modules.ant.freeform</type>
    <configuration>
        <general-data xmlns="http://www.netbeans.org/ns/freeform-project/1">
            <name>%APPLICATION_NAME%</name>
        </general-data>
        <general-data xmlns="http://www.netbeans.org/ns/freeform-project/2">
            <!-- Do not use Project Properties customizer when editing this file manually. -->
            <name>%APPLICATION_NAME%</name>
            <properties>
                <property name="ant.script">%ANT_SCRIPT%</property>
                <property name="application.path">%APPLICATION_PATH%</property>
                <property name="application.name">%APPLICATION_NAME%</property>
                <property name="play.id">%PLAY_ID%</property>
            </properties>
            <folders>
                <source-folder>
                    <label>.</label>
                    <location>.</location>
                    <encoding>UTF-8</encoding>
                </source-folder>
                <source-folder>
                    <label>app</label>
                    <type>java</type>
                    <location>app</location>
                    <encoding>UTF-8</encoding>
                </source-folder>
                <source-folder>
                    <label>test</label>
                    <type>java</type>
                    <location>test</location>
                    <encoding>UTF-8</encoding>
                </source-folder>
            </folders>
            <ide-actions>
            	<action name="clean">
                    <script>${ant.script}</script>
                    <target>doNothing</target>
                    <property name="application.path">${application.path}</property>
                </action>
                <action name="build">
                    <script>${ant.script}</script>
                    <target>doNothing</target>
                    <property name="application.path">${application.path}</property>
                </action>
                <action name="rebuild">
                    <script>${ant.script}</script>
                    <target>doNothing</target>
                    <property name="application.path">${application.path}</property>
                </action>
                <action name="run">
                    <script>${ant.script}</script>
                    <target>nb-run-application</target>
                    <property name="application.path">${application.path}</property>
                    <property name="play.id">${play.id}</property>
                </action>
                <action name="debug">
                    <script>${ant.script}</script>
                    <target>nb-debug</target>
                    <property name="application.name">${application.name}</property>
                    <property name="application.path">${application.path}</property>
                    <property name="play.id">${play.id}</property>
                </action>
                <action name="test">
                    <script>${ant.script}</script>
                    <target>test-application</target>
                    <property name="application.path">${application.path}</property>
                    <property name="play.id">${play.id}</property>
                </action>
            </ide-actions>
            <view>
                <items>
                    <source-folder style="packages">
                        <label>app</label>
                        <location>app</location>
                        <excludes>views/**</excludes>
                    </source-folder>
                    <source-folder style="tree">
                        <label>app/views</label>
                        <location>app/views</location>
                    </source-folder>
                    <source-folder style="tree">
                        <label>public</label>
                        <location>public</location>
                    </source-folder>
                    <source-folder style="tree">
                        <label>conf</label>
                        <location>conf</location>
                    </source-folder>
                    <source-folder style="packages">
                        <label>test</label>
                        <location>test</location>
                    </source-folder>   
                    %MORE%                 
                </items>
                <context-menu>
                    <ide-action name="run"/>
                    <ide-action name="debug"/>
                    <ide-action name="test"/>
                </context-menu>
            </view>
            <subprojects/>
        </general-data>
        <java-data xmlns="http://www.netbeans.org/ns/freeform-project-java/2">
            <compilation-unit>
                <package-root>app</package-root>
                <package-root>test</package-root>
                %MODULES%
                <classpath mode="compile">%PLAY_CLASSPATH%</classpath>
                <built-to>nbproject/classes</built-to>  
                <source-level>1.8</source-level>                 
            </compilation-unit>
        </java-data>
    </configuration>
</project>
